TableName,TableNameShort,LooselyTyped,StronglyTyped,SelectColumns,StronglyTypedCast,BlobName,PrimaryKey
[Production].[ScrapReason],ScrapReason," [ScrapReasonID] NVARCHAR(500) ,   [Name] NVARCHAR(500) ,   [ModifiedDate] NVARCHAR(50)"," [ScrapReasonID] smallint ,    [Name] Name(100) ,    [ModifiedDate] datetime "," [ScrapReasonID] ,    [Name] ,    [ModifiedDate] "," CAST(ScrapReasonID AS smallint) AS ScrapReasonID,    CAST(Name AS Name(100)) AS Name,    CONVERT(datetime, LEFT(ModifiedDate,22), 101) AS ModifiedDate",productionscrapreason,ScrapReasonID
[HumanResources].[Shift],Shift," [ShiftID] NVARCHAR(500) ,   [Name] NVARCHAR(500) ,   [StartTime] NVARCHAR(50) ,   [EndTime] NVARCHAR(50) ,   [ModifiedDate] NVARCHAR(50)"," [ShiftID] tinyint ,    [Name] Name(100) ,    [StartTime] time(5) ,    [EndTime] time(5) ,    [ModifiedDate] datetime "," [ShiftID] ,    [Name] ,    [StartTime] ,    [EndTime] ,    [ModifiedDate] "," CAST(ShiftID AS tinyint) AS ShiftID,    CAST(Name AS Name(100)) AS Name,    CAST(StartTime AS time(5)) AS StartTime,    CAST(EndTime AS time(5)) AS EndTime,    CONVERT(datetime, LEFT(ModifiedDate,22), 101) AS ModifiedDate",humanresourcesshift,ShiftID
[Production].[ProductCategory],ProductCategory," [ProductCategoryID] NVARCHAR(50) ,   [Name] NVARCHAR(500) ,   [rowguid] NVARCHAR(500) ,   [ModifiedDate] NVARCHAR(50)"," [ProductCategoryID] int ,    [Name] Name(100) ,    [rowguid] uniqueidentifier ,    [ModifiedDate] datetime "," [ProductCategoryID] ,    [Name] ,    [rowguid] ,    [ModifiedDate] "," CAST(ProductCategoryID AS int) AS ProductCategoryID,    CAST(Name AS Name(100)) AS Name,    CAST(rowguid AS uniqueidentifier) AS rowguid,    CONVERT(datetime, LEFT(ModifiedDate,22), 101) AS ModifiedDate",productionproductcategory,ProductCategoryID
[Purchasing].[ShipMethod],ShipMethod," [ShipMethodID] NVARCHAR(50) ,   [Name] NVARCHAR(500) ,   [ShipBase] NVARCHAR(500) ,   [ShipRate] NVARCHAR(500) ,   [rowguid] NVARCHAR(500) ,   [ModifiedDate] NVARCHAR(50)"," [ShipMethodID] int ,    [Name] Name(100) ,    [ShipBase] money ,    [ShipRate] money ,    [rowguid] uniqueidentifier ,    [ModifiedDate] datetime "," [ShipMethodID] ,    [Name] ,    [ShipBase] ,    [ShipRate] ,    [rowguid] ,    [ModifiedDate] "," CAST(ShipMethodID AS int) AS ShipMethodID,    CAST(Name AS Name(100)) AS Name,    CAST(ShipBase AS money) AS ShipBase,    CAST(ShipRate AS money) AS ShipRate,    CAST(rowguid AS uniqueidentifier) AS rowguid,    CONVERT(datetime, LEFT(ModifiedDate,22), 101) AS ModifiedDate",purchasingshipmethod,ShipMethodID
[Production].[ProductCostHistory],ProductCostHistory," [ProductID] NVARCHAR(50) ,   [StartDate] NVARCHAR(50) ,   [EndDate] NVARCHAR(50) ,   [StandardCost] NVARCHAR(500) ,   [ModifiedDate] NVARCHAR(50)"," [ProductID] int ,    [StartDate] datetime ,    [EndDate] datetime ,    [StandardCost] money ,    [ModifiedDate] datetime "," [ProductID] ,    [StartDate] ,    [EndDate] ,    [StandardCost] ,    [ModifiedDate] "," CAST(ProductID AS int) AS ProductID,    CONVERT(datetime, LEFT(StartDate,22), 101) AS StartDate,    CONVERT(datetime, LEFT(EndDate,22), 101) AS EndDate,    CAST(StandardCost AS money) AS StandardCost,    CONVERT(datetime, LEFT(ModifiedDate,22), 101) AS ModifiedDate",productionproductcosthistory,"ProductID,StartDate"
[Production].[ProductDescription],ProductDescription," [ProductDescriptionID] NVARCHAR(50) ,   [Description] NVARCHAR(800) ,   [rowguid] NVARCHAR(500) ,   [ModifiedDate] NVARCHAR(50)"," [ProductDescriptionID] int ,    [Description] nvarchar(800) ,    [rowguid] uniqueidentifier ,    [ModifiedDate] datetime "," [ProductDescriptionID] ,    [Description] ,    [rowguid] ,    [ModifiedDate] "," CAST(ProductDescriptionID AS int) AS ProductDescriptionID,    CAST(Description AS nvarchar(800)) AS Description,    CAST(rowguid AS uniqueidentifier) AS rowguid,    CONVERT(datetime, LEFT(ModifiedDate,22), 101) AS ModifiedDate",productionproductdescription,ProductDescriptionID
[Sales].[ShoppingCartItem],ShoppingCartItem," [ShoppingCartItemID] NVARCHAR(50) ,   [ShoppingCartID] NVARCHAR(500) ,   [Quantity] NVARCHAR(50) ,   [ProductID] NVARCHAR(50) ,   [DateCreated] NVARCHAR(50) ,   [ModifiedDate] NVARCHAR(50)"," [ShoppingCartItemID] int ,    [ShoppingCartID] nvarchar(100) ,    [Quantity] int ,    [ProductID] int ,    [DateCreated] datetime ,    [ModifiedDate] datetime "," [ShoppingCartItemID] ,    [ShoppingCartID] ,    [Quantity] ,    [ProductID] ,    [DateCreated] ,    [ModifiedDate] "," CAST(ShoppingCartItemID AS int) AS ShoppingCartItemID,    CAST(ShoppingCartID AS nvarchar(100)) AS ShoppingCartID,    CAST(Quantity AS int) AS Quantity,    CAST(ProductID AS int) AS ProductID,    CONVERT(datetime, LEFT(DateCreated,22), 101) AS DateCreated,    CONVERT(datetime, LEFT(ModifiedDate,22), 101) AS ModifiedDate",salesshoppingcartitem,ShoppingCartItemID
[Production].[ProductDocument],ProductDocument," [ProductID] NVARCHAR(50) ,   [DocumentNode] NVARCHAR(892) ,   [ModifiedDate] NVARCHAR(50)"," [ProductID] int ,    [DocumentNode] hierarchyid(892) ,    [ModifiedDate] datetime "," [ProductID] ,    [DocumentNode] ,    [ModifiedDate] "," CAST(ProductID AS int) AS ProductID,    CAST(DocumentNode AS hierarchyid(892)) AS DocumentNode,    CONVERT(datetime, LEFT(ModifiedDate,22), 101) AS ModifiedDate",productionproductdocument,"ProductID,DocumentNode"
[dbo].[DatabaseLog],DatabaseLog," [DatabaseLogID] NVARCHAR(50) ,   [PostTime] NVARCHAR(50) ,   [TSQL] NVARCHAR(500) ,   [XmlEvent] NVARCHAR(500)"," [DatabaseLogID] int ,    [PostTime] datetime ,    [TSQL] nvarchar(-1) ,    [XmlEvent] xml(-1) "," [DatabaseLogID] ,    [PostTime] ,    [TSQL] ,    [XmlEvent] "," CAST(DatabaseLogID AS int) AS DatabaseLogID,    CONVERT(datetime, LEFT(PostTime,22), 101) AS PostTime,    CAST(TSQL AS nvarchar(-1)) AS TSQL,    CAST(XmlEvent AS xml(-1)) AS XmlEvent",dbodatabaselog,DatabaseLogID
[Production].[ProductInventory],ProductInventory," [ProductID] NVARCHAR(50) ,   [LocationID] NVARCHAR(500) ,   [Shelf] NVARCHAR(500) ,   [Bin] NVARCHAR(500) ,   [Quantity] NVARCHAR(500) ,   [rowguid] NVARCHAR(500) ,   [ModifiedDate] NVARCHAR(50)"," [ProductID] int ,    [LocationID] smallint ,    [Shelf] nvarchar(20) ,    [Bin] tinyint ,    [Quantity] smallint ,    [rowguid] uniqueidentifier ,    [ModifiedDate] datetime "," [ProductID] ,    [LocationID] ,    [Shelf] ,    [Bin] ,    [Quantity] ,    [rowguid] ,    [ModifiedDate] "," CAST(ProductID AS int) AS ProductID,    CAST(LocationID AS smallint) AS LocationID,    CAST(Shelf AS nvarchar(20)) AS Shelf,    CAST(Bin AS tinyint) AS Bin,    CAST(Quantity AS smallint) AS Quantity,    CAST(rowguid AS uniqueidentifier) AS rowguid,    CONVERT(datetime, LEFT(ModifiedDate,22), 101) AS ModifiedDate",productionproductinventory,"ProductID,LocationID"
[Audit].[AuditLog],AuditLog," [Stage] NVARCHAR(500) ,   [AuditDate] NVARCHAR(50)"," [Stage] varchar(100) ,    [AuditDate] datetime "," [Stage] ,    [AuditDate] "," CAST(Stage AS varchar(100)) AS Stage,    CONVERT(datetime, LEFT(AuditDate,22), 101) AS AuditDate",auditauditlog,NULL
[Sales].[SpecialOffer],SpecialOffer," [SpecialOfferID] NVARCHAR(50) ,   [Description] NVARCHAR(510) ,   [DiscountPct] NVARCHAR(500) ,   [Type] NVARCHAR(500) ,   [Category] NVARCHAR(500) ,   [StartDate] NVARCHAR(50) ,   [EndDate] NVARCHAR(50) ,   [MinQty] NVARCHAR(50) ,   [MaxQty] NVARCHAR(50) ,   [rowguid] NVARCHAR(500) ,   [ModifiedDate] NVARCHAR(50)"," [SpecialOfferID] int ,    [Description] nvarchar(510) ,    [DiscountPct] smallmoney(4) ,    [Type] nvarchar(100) ,    [Category] nvarchar(100) ,    [StartDate] datetime ,    [EndDate] datetime ,    [MinQty] int ,    [MaxQty] int ,    [rowguid] uniqueidentifier ,    [ModifiedDate] datetime "," [SpecialOfferID] ,    [Description] ,    [DiscountPct] ,    [Type] ,    [Category] ,    [StartDate] ,    [EndDate] ,    [MinQty] ,    [MaxQty] ,    [rowguid] ,    [ModifiedDate] "," CAST(SpecialOfferID AS int) AS SpecialOfferID,    CAST(Description AS nvarchar(510)) AS Description,    CAST(DiscountPct AS smallmoney(4)) AS DiscountPct,    CAST(Type AS nvarchar(100)) AS Type,    CAST(Category AS nvarchar(100)) AS Category,    CONVERT(datetime, LEFT(StartDate,22), 101) AS StartDate,    CONVERT(datetime, LEFT(EndDate,22), 101) AS EndDate,    CAST(MinQty AS int) AS MinQty,    CAST(MaxQty AS int) AS MaxQty,    CAST(rowguid AS uniqueidentifier) AS rowguid,    CONVERT(datetime, LEFT(ModifiedDate,22), 101) AS ModifiedDate",salesspecialoffer,SpecialOfferID
[dbo].[ErrorLog],ErrorLog," [ErrorLogID] NVARCHAR(50) ,   [ErrorTime] NVARCHAR(50) ,   [ErrorNumber] NVARCHAR(50) ,   [ErrorSeverity] NVARCHAR(50) ,   [ErrorState] NVARCHAR(50) ,   [ErrorProcedure] NVARCHAR(500) ,   [ErrorLine] NVARCHAR(50) ,   [ErrorMessage] NVARCHAR(4000)"," [ErrorLogID] int ,    [ErrorTime] datetime ,    [ErrorNumber] int ,    [ErrorSeverity] int ,    [ErrorState] int ,    [ErrorProcedure] nvarchar(252) ,    [ErrorLine] int ,    [ErrorMessage] nvarchar(4000) "," [ErrorLogID] ,    [ErrorTime] ,    [ErrorNumber] ,    [ErrorSeverity] ,    [ErrorState] ,    [ErrorProcedure] ,    [ErrorLine] ,    [ErrorMessage] "," CAST(ErrorLogID AS int) AS ErrorLogID,    CONVERT(datetime, LEFT(ErrorTime,22), 101) AS ErrorTime,    CAST(ErrorNumber AS int) AS ErrorNumber,    CAST(ErrorSeverity AS int) AS ErrorSeverity,    CAST(ErrorState AS int) AS ErrorState,    CAST(ErrorProcedure AS nvarchar(252)) AS ErrorProcedure,    CAST(ErrorLine AS int) AS ErrorLine,    CAST(ErrorMessage AS nvarchar(4000)) AS ErrorMessage",dboerrorlog,ErrorLogID
[Production].[ProductListPriceHistory],ProductListPriceHistory," [ProductID] NVARCHAR(50) ,   [StartDate] NVARCHAR(50) ,   [EndDate] NVARCHAR(50) ,   [ListPrice] NVARCHAR(500) ,   [ModifiedDate] NVARCHAR(50)"," [ProductID] int ,    [StartDate] datetime ,    [EndDate] datetime ,    [ListPrice] money ,    [ModifiedDate] datetime "," [ProductID] ,    [StartDate] ,    [EndDate] ,    [ListPrice] ,    [ModifiedDate] "," CAST(ProductID AS int) AS ProductID,    CONVERT(datetime, LEFT(StartDate,22), 101) AS StartDate,    CONVERT(datetime, LEFT(EndDate,22), 101) AS EndDate,    CAST(ListPrice AS money) AS ListPrice,    CONVERT(datetime, LEFT(ModifiedDate,22), 101) AS ModifiedDate",productionproductlistpricehistory,"ProductID,StartDate"
[Person].[Address],Address," [AddressID] NVARCHAR(50) ,   [AddressLine1] NVARCHAR(500) ,   [AddressLine2] NVARCHAR(500) ,   [City] NVARCHAR(500) ,   [StateProvinceID] NVARCHAR(50) ,   [PostalCode] NVARCHAR(500) ,   [SpatialLocation] NVARCHAR(500) ,   [rowguid] NVARCHAR(500) ,   [ModifiedDate] NVARCHAR(50)"," [AddressID] int ,    [AddressLine1] nvarchar(120) ,    [AddressLine2] nvarchar(120) ,    [City] nvarchar(60) ,    [StateProvinceID] int ,    [PostalCode] nvarchar(30) ,    [SpatialLocation] geography(-1) ,    [rowguid] uniqueidentifier ,    [ModifiedDate] datetime "," [AddressID] ,    [AddressLine1] ,    [AddressLine2] ,    [City] ,    [StateProvinceID] ,    [PostalCode] ,    [SpatialLocation] ,    [rowguid] ,    [ModifiedDate] "," CAST(AddressID AS int) AS AddressID,    CAST(AddressLine1 AS nvarchar(120)) AS AddressLine1,    CAST(AddressLine2 AS nvarchar(120)) AS AddressLine2,    CAST(City AS nvarchar(60)) AS City,    CAST(StateProvinceID AS int) AS StateProvinceID,    CAST(PostalCode AS nvarchar(30)) AS PostalCode,    CAST(SpatialLocation AS geography(-1)) AS SpatialLocation,    CAST(rowguid AS uniqueidentifier) AS rowguid,    CONVERT(datetime, LEFT(ModifiedDate,22), 101) AS ModifiedDate",personaddress,AddressID
[Sales].[SpecialOfferProduct],SpecialOfferProduct," [SpecialOfferID] NVARCHAR(50) ,   [ProductID] NVARCHAR(50) ,   [rowguid] NVARCHAR(500) ,   [ModifiedDate] NVARCHAR(50)"," [SpecialOfferID] int ,    [ProductID] int ,    [rowguid] uniqueidentifier ,    [ModifiedDate] datetime "," [SpecialOfferID] ,    [ProductID] ,    [rowguid] ,    [ModifiedDate] "," CAST(SpecialOfferID AS int) AS SpecialOfferID,    CAST(ProductID AS int) AS ProductID,    CAST(rowguid AS uniqueidentifier) AS rowguid,    CONVERT(datetime, LEFT(ModifiedDate,22), 101) AS ModifiedDate",salesspecialofferproduct,"SpecialOfferID,ProductID"
[Production].[ProductModel],ProductModel," [ProductModelID] NVARCHAR(50) ,   [Name] NVARCHAR(500) ,   [CatalogDescription] NVARCHAR(500) ,   [Instructions] NVARCHAR(500) ,   [rowguid] NVARCHAR(500) ,   [ModifiedDate] NVARCHAR(50)"," [ProductModelID] int ,    [Name] Name(100) ,    [CatalogDescription] xml(-1) ,    [Instructions] xml(-1) ,    [rowguid] uniqueidentifier ,    [ModifiedDate] datetime "," [ProductModelID] ,    [Name] ,    [CatalogDescription] ,    [Instructions] ,    [rowguid] ,    [ModifiedDate] "," CAST(ProductModelID AS int) AS ProductModelID,    CAST(Name AS Name(100)) AS Name,    CAST(CatalogDescription AS xml(-1)) AS CatalogDescription,    CAST(Instructions AS xml(-1)) AS Instructions,    CAST(rowguid AS uniqueidentifier) AS rowguid,    CONVERT(datetime, LEFT(ModifiedDate,22), 101) AS ModifiedDate",productionproductmodel,ProductModelID
[Person].[AddressType],AddressType," [AddressTypeID] NVARCHAR(50) ,   [Name] NVARCHAR(500) ,   [rowguid] NVARCHAR(500) ,   [ModifiedDate] NVARCHAR(50)"," [AddressTypeID] int ,    [Name] Name(100) ,    [rowguid] uniqueidentifier ,    [ModifiedDate] datetime "," [AddressTypeID] ,    [Name] ,    [rowguid] ,    [ModifiedDate] "," CAST(AddressTypeID AS int) AS AddressTypeID,    CAST(Name AS Name(100)) AS Name,    CAST(rowguid AS uniqueidentifier) AS rowguid,    CONVERT(datetime, LEFT(ModifiedDate,22), 101) AS ModifiedDate",personaddresstype,AddressTypeID
[Person].[StateProvince],StateProvince," [StateProvinceID] NVARCHAR(50) ,   [StateProvinceCode] NVARCHAR(500) ,   [CountryRegionCode] NVARCHAR(500) ,   [IsOnlyStateProvinceFlag] NVARCHAR(500) ,   [Name] NVARCHAR(500) ,   [TerritoryID] NVARCHAR(50) ,   [rowguid] NVARCHAR(500) ,   [ModifiedDate] NVARCHAR(50)"," [StateProvinceID] int ,    [StateProvinceCode] nchar(6) ,    [CountryRegionCode] nvarchar(6) ,    [IsOnlyStateProvinceFlag] Flag(1) ,    [Name] Name(100) ,    [TerritoryID] int ,    [rowguid] uniqueidentifier ,    [ModifiedDate] datetime "," [StateProvinceID] ,    [StateProvinceCode] ,    [CountryRegionCode] ,    [IsOnlyStateProvinceFlag] ,    [Name] ,    [TerritoryID] ,    [rowguid] ,    [ModifiedDate] "," CAST(StateProvinceID AS int) AS StateProvinceID,    CAST(StateProvinceCode AS nchar(6)) AS StateProvinceCode,    CAST(CountryRegionCode AS nvarchar(6)) AS CountryRegionCode,    CAST(IsOnlyStateProvinceFlag AS Flag(1)) AS IsOnlyStateProvinceFlag,    CAST(Name AS Name(100)) AS Name,    CAST(TerritoryID AS int) AS TerritoryID,    CAST(rowguid AS uniqueidentifier) AS rowguid,    CONVERT(datetime, LEFT(ModifiedDate,22), 101) AS ModifiedDate",personstateprovince,StateProvinceID
[Production].[ProductModelIllustration],ProductModelIllustration," [ProductModelID] NVARCHAR(50) ,   [IllustrationID] NVARCHAR(50) ,   [ModifiedDate] NVARCHAR(50)"," [ProductModelID] int ,    [IllustrationID] int ,    [ModifiedDate] datetime "," [ProductModelID] ,    [IllustrationID] ,    [ModifiedDate] "," CAST(ProductModelID AS int) AS ProductModelID,    CAST(IllustrationID AS int) AS IllustrationID,    CONVERT(datetime, LEFT(ModifiedDate,22), 101) AS ModifiedDate",productionproductmodelillustration,"ProductModelID,IllustrationID"
[dbo].[AWBuildVersion],AWBuildVersion," [SystemInformationID] NVARCHAR(500) ,   [Database Version] NVARCHAR(500) ,   [VersionDate] NVARCHAR(50) ,   [ModifiedDate] NVARCHAR(50)"," [SystemInformationID] tinyint ,    [Database Version] nvarchar(50) ,    [VersionDate] datetime ,    [ModifiedDate] datetime "," [SystemInformationID] ,    [Database Version] ,    [VersionDate] ,    [ModifiedDate] "," CAST(SystemInformationID AS tinyint) AS SystemInformationID,    CAST(Database Version AS nvarchar(50)) AS Database Version,    CONVERT(datetime, LEFT(VersionDate,22), 101) AS VersionDate,    CONVERT(datetime, LEFT(ModifiedDate,22), 101) AS ModifiedDate",dboawbuildversion,SystemInformationID
[Production].[BillOfMaterials],BillOfMaterials," [BillOfMaterialsID] NVARCHAR(50) ,   [ProductAssemblyID] NVARCHAR(50) ,   [ComponentID] NVARCHAR(50) ,   [StartDate] NVARCHAR(50) ,   [EndDate] NVARCHAR(50) ,   [UnitMeasureCode] NVARCHAR(500) ,   [BOMLevel] NVARCHAR(500) ,   [PerAssemblyQty] NVARCHAR(50) ,   [ModifiedDate] NVARCHAR(50)"," [BillOfMaterialsID] int ,    [ProductAssemblyID] int ,    [ComponentID] int ,    [StartDate] datetime ,    [EndDate] datetime ,    [UnitMeasureCode] nchar(6) ,    [BOMLevel] smallint ,    [PerAssemblyQty] decimal(12,5)  ,    [ModifiedDate] datetime "," [BillOfMaterialsID] ,    [ProductAssemblyID] ,    [ComponentID] ,    [StartDate] ,    [EndDate] ,    [UnitMeasureCode] ,    [BOMLevel] ,    [PerAssemblyQty] ,    [ModifiedDate] "," CAST(BillOfMaterialsID AS int) AS BillOfMaterialsID,    CAST(ProductAssemblyID AS int) AS ProductAssemblyID,    CAST(ComponentID AS int) AS ComponentID,    CONVERT(datetime, LEFT(StartDate,22), 101) AS StartDate,    CONVERT(datetime, LEFT(EndDate,22), 101) AS EndDate,    CAST(UnitMeasureCode AS nchar(6)) AS UnitMeasureCode,    CAST(BOMLevel AS smallint) AS BOMLevel,    CAST(PerAssemblyQty AS decimal(12,5)) AS PerAssemblyQty,    CONVERT(datetime, LEFT(ModifiedDate,22), 101) AS ModifiedDate",productionbillofmaterials,BillOfMaterialsID
[Sales].[Store],Store," [BusinessEntityID] NVARCHAR(50) ,   [Name] NVARCHAR(500) ,   [SalesPersonID] NVARCHAR(50) ,   [Demographics] NVARCHAR(500) ,   [rowguid] NVARCHAR(500) ,   [ModifiedDate] NVARCHAR(50)"," [BusinessEntityID] int ,    [Name] Name(100) ,    [SalesPersonID] int ,    [Demographics] xml(-1) ,    [rowguid] uniqueidentifier ,    [ModifiedDate] datetime "," [BusinessEntityID] ,    [Name] ,    [SalesPersonID] ,    [Demographics] ,    [rowguid] ,    [ModifiedDate] "," CAST(BusinessEntityID AS int) AS BusinessEntityID,    CAST(Name AS Name(100)) AS Name,    CAST(SalesPersonID AS int) AS SalesPersonID,    CAST(Demographics AS xml(-1)) AS Demographics,    CAST(rowguid AS uniqueidentifier) AS rowguid,    CONVERT(datetime, LEFT(ModifiedDate,22), 101) AS ModifiedDate",salesstore,BusinessEntityID
[Production].[ProductPhoto],ProductPhoto," [ProductPhotoID] NVARCHAR(50) ,   [ThumbNailPhoto] NVARCHAR(500) ,   [ThumbnailPhotoFileName] NVARCHAR(500) ,   [LargePhoto] NVARCHAR(500) ,   [LargePhotoFileName] NVARCHAR(500) ,   [ModifiedDate] NVARCHAR(50)"," [ProductPhotoID] int ,    [ThumbNailPhoto] varbinary ,    [ThumbnailPhotoFileName] nvarchar(100) ,    [LargePhoto] varbinary ,    [LargePhotoFileName] nvarchar(100) ,    [ModifiedDate] datetime "," [ProductPhotoID] ,    [ThumbNailPhoto] ,    [ThumbnailPhotoFileName] ,    [LargePhoto] ,    [LargePhotoFileName] ,    [ModifiedDate] "," CAST(ProductPhotoID AS int) AS ProductPhotoID,    CAST(ThumbNailPhoto AS varbinary) AS ThumbNailPhoto,    CAST(ThumbnailPhotoFileName AS nvarchar(100)) AS ThumbnailPhotoFileName,    CAST(LargePhoto AS varbinary) AS LargePhoto,    CAST(LargePhotoFileName AS nvarchar(100)) AS LargePhotoFileName,    CONVERT(datetime, LEFT(ModifiedDate,22), 101) AS ModifiedDate",productionproductphoto,ProductPhotoID
[Production].[ProductProductPhoto],ProductProductPhoto," [ProductID] NVARCHAR(50) ,   [ProductPhotoID] NVARCHAR(50) ,   [Primary] NVARCHAR(500) ,   [ModifiedDate] NVARCHAR(50)"," [ProductID] int ,    [ProductPhotoID] int ,    [Primary] Flag(1) ,    [ModifiedDate] datetime "," [ProductID] ,    [ProductPhotoID] ,    [Primary] ,    [ModifiedDate] "," CAST(ProductID AS int) AS ProductID,    CAST(ProductPhotoID AS int) AS ProductPhotoID,    CAST(Primary AS Flag(1)) AS Primary,    CONVERT(datetime, LEFT(ModifiedDate,22), 101) AS ModifiedDate",productionproductproductphoto,"ProductID,ProductPhotoID"
[Production].[TransactionHistory],TransactionHistory," [TransactionID] NVARCHAR(50) ,   [ProductID] NVARCHAR(50) ,   [ReferenceOrderID] NVARCHAR(50) ,   [ReferenceOrderLineID] NVARCHAR(50) ,   [TransactionDate] NVARCHAR(50) ,   [TransactionType] NVARCHAR(500) ,   [Quantity] NVARCHAR(50) ,   [ActualCost] NVARCHAR(500) ,   [ModifiedDate] NVARCHAR(50)"," [TransactionID] int ,    [ProductID] int ,    [ReferenceOrderID] int ,    [ReferenceOrderLineID] int ,    [TransactionDate] datetime ,    [TransactionType] nchar(2) ,    [Quantity] int ,    [ActualCost] money ,    [ModifiedDate] datetime "," [TransactionID] ,    [ProductID] ,    [ReferenceOrderID] ,    [ReferenceOrderLineID] ,    [TransactionDate] ,    [TransactionType] ,    [Quantity] ,    [ActualCost] ,    [ModifiedDate] "," CAST(TransactionID AS int) AS TransactionID,    CAST(ProductID AS int) AS ProductID,    CAST(ReferenceOrderID AS int) AS ReferenceOrderID,    CAST(ReferenceOrderLineID AS int) AS ReferenceOrderLineID,    CONVERT(datetime, LEFT(TransactionDate,22), 101) AS TransactionDate,    CAST(TransactionType AS nchar(2)) AS TransactionType,    CAST(Quantity AS int) AS Quantity,    CAST(ActualCost AS money) AS ActualCost,    CONVERT(datetime, LEFT(ModifiedDate,22), 101) AS ModifiedDate",productiontransactionhistory,TransactionID
[Production].[ProductReview],ProductReview," [ProductReviewID] NVARCHAR(50) ,   [ProductID] NVARCHAR(50) ,   [ReviewerName] NVARCHAR(500) ,   [ReviewDate] NVARCHAR(50) ,   [EmailAddress] NVARCHAR(500) ,   [Rating] NVARCHAR(50) ,   [Comments] NVARCHAR(4000) ,   [ModifiedDate] NVARCHAR(50)"," [ProductReviewID] int ,    [ProductID] int ,    [ReviewerName] Name(100) ,    [ReviewDate] datetime ,    [EmailAddress] nvarchar(100) ,    [Rating] int ,    [Comments] nvarchar(4000) ,    [ModifiedDate] datetime "," [ProductReviewID] ,    [ProductID] ,    [ReviewerName] ,    [ReviewDate] ,    [EmailAddress] ,    [Rating] ,    [Comments] ,    [ModifiedDate] "," CAST(ProductReviewID AS int) AS ProductReviewID,    CAST(ProductID AS int) AS ProductID,    CAST(ReviewerName AS Name(100)) AS ReviewerName,    CONVERT(datetime, LEFT(ReviewDate,22), 101) AS ReviewDate,    CAST(EmailAddress AS nvarchar(100)) AS EmailAddress,    CAST(Rating AS int) AS Rating,    CAST(Comments AS nvarchar(4000)) AS Comments,    CONVERT(datetime, LEFT(ModifiedDate,22), 101) AS ModifiedDate",productionproductreview,ProductReviewID
[Person].[BusinessEntity],BusinessEntity," [BusinessEntityID] NVARCHAR(50) ,   [rowguid] NVARCHAR(500) ,   [ModifiedDate] NVARCHAR(50)"," [BusinessEntityID] int ,    [rowguid] uniqueidentifier ,    [ModifiedDate] datetime "," [BusinessEntityID] ,    [rowguid] ,    [ModifiedDate] "," CAST(BusinessEntityID AS int) AS BusinessEntityID,    CAST(rowguid AS uniqueidentifier) AS rowguid,    CONVERT(datetime, LEFT(ModifiedDate,22), 101) AS ModifiedDate",personbusinessentity,BusinessEntityID
[Production].[TransactionHistoryArchive],TransactionHistoryArchive," [TransactionID] NVARCHAR(50) ,   [ProductID] NVARCHAR(50) ,   [ReferenceOrderID] NVARCHAR(50) ,   [ReferenceOrderLineID] NVARCHAR(50) ,   [TransactionDate] NVARCHAR(50) ,   [TransactionType] NVARCHAR(500) ,   [Quantity] NVARCHAR(50) ,   [ActualCost] NVARCHAR(500) ,   [ModifiedDate] NVARCHAR(50)"," [TransactionID] int ,    [ProductID] int ,    [ReferenceOrderID] int ,    [ReferenceOrderLineID] int ,    [TransactionDate] datetime ,    [TransactionType] nchar(2) ,    [Quantity] int ,    [ActualCost] money ,    [ModifiedDate] datetime "," [TransactionID] ,    [ProductID] ,    [ReferenceOrderID] ,    [ReferenceOrderLineID] ,    [TransactionDate] ,    [TransactionType] ,    [Quantity] ,    [ActualCost] ,    [ModifiedDate] "," CAST(TransactionID AS int) AS TransactionID,    CAST(ProductID AS int) AS ProductID,    CAST(ReferenceOrderID AS int) AS ReferenceOrderID,    CAST(ReferenceOrderLineID AS int) AS ReferenceOrderLineID,    CONVERT(datetime, LEFT(TransactionDate,22), 101) AS TransactionDate,    CAST(TransactionType AS nchar(2)) AS TransactionType,    CAST(Quantity AS int) AS Quantity,    CAST(ActualCost AS money) AS ActualCost,    CONVERT(datetime, LEFT(ModifiedDate,22), 101) AS ModifiedDate",productiontransactionhistoryarchive,TransactionID
[Production].[ProductSubcategory],ProductSubcategory," [ProductSubcategoryID] NVARCHAR(50) ,   [ProductCategoryID] NVARCHAR(50) ,   [Name] NVARCHAR(500) ,   [rowguid] NVARCHAR(500) ,   [ModifiedDate] NVARCHAR(50)"," [ProductSubcategoryID] int ,    [ProductCategoryID] int ,    [Name] Name(100) ,    [rowguid] uniqueidentifier ,    [ModifiedDate] datetime "," [ProductSubcategoryID] ,    [ProductCategoryID] ,    [Name] ,    [rowguid] ,    [ModifiedDate] "," CAST(ProductSubcategoryID AS int) AS ProductSubcategoryID,    CAST(ProductCategoryID AS int) AS ProductCategoryID,    CAST(Name AS Name(100)) AS Name,    CAST(rowguid AS uniqueidentifier) AS rowguid,    CONVERT(datetime, LEFT(ModifiedDate,22), 101) AS ModifiedDate",productionproductsubcategory,ProductSubcategoryID
[Person].[BusinessEntityAddress],BusinessEntityAddress," [BusinessEntityID] NVARCHAR(50) ,   [AddressID] NVARCHAR(50) ,   [AddressTypeID] NVARCHAR(50) ,   [rowguid] NVARCHAR(500) ,   [ModifiedDate] NVARCHAR(50)"," [BusinessEntityID] int ,    [AddressID] int ,    [AddressTypeID] int ,    [rowguid] uniqueidentifier ,    [ModifiedDate] datetime "," [BusinessEntityID] ,    [AddressID] ,    [AddressTypeID] ,    [rowguid] ,    [ModifiedDate] "," CAST(BusinessEntityID AS int) AS BusinessEntityID,    CAST(AddressID AS int) AS AddressID,    CAST(AddressTypeID AS int) AS AddressTypeID,    CAST(rowguid AS uniqueidentifier) AS rowguid,    CONVERT(datetime, LEFT(ModifiedDate,22), 101) AS ModifiedDate",personbusinessentityaddress,"BusinessEntityID,AddressID,AddressTypeID"
[Purchasing].[ProductVendor],ProductVendor," [ProductID] NVARCHAR(50) ,   [BusinessEntityID] NVARCHAR(50) ,   [AverageLeadTime] NVARCHAR(50) ,   [StandardPrice] NVARCHAR(500) ,   [LastReceiptCost] NVARCHAR(500) ,   [LastReceiptDate] NVARCHAR(50) ,   [MinOrderQty] NVARCHAR(50) ,   [MaxOrderQty] NVARCHAR(50) ,   [OnOrderQty] NVARCHAR(50) ,   [UnitMeasureCode] NVARCHAR(500) ,   [ModifiedDate] NVARCHAR(50)"," [ProductID] int ,    [BusinessEntityID] int ,    [AverageLeadTime] int ,    [StandardPrice] money ,    [LastReceiptCost] money ,    [LastReceiptDate] datetime ,    [MinOrderQty] int ,    [MaxOrderQty] int ,    [OnOrderQty] int ,    [UnitMeasureCode] nchar(6) ,    [ModifiedDate] datetime "," [ProductID] ,    [BusinessEntityID] ,    [AverageLeadTime] ,    [StandardPrice] ,    [LastReceiptCost] ,    [LastReceiptDate] ,    [MinOrderQty] ,    [MaxOrderQty] ,    [OnOrderQty] ,    [UnitMeasureCode] ,    [ModifiedDate] "," CAST(ProductID AS int) AS ProductID,    CAST(BusinessEntityID AS int) AS BusinessEntityID,    CAST(AverageLeadTime AS int) AS AverageLeadTime,    CAST(StandardPrice AS money) AS StandardPrice,    CAST(LastReceiptCost AS money) AS LastReceiptCost,    CONVERT(datetime, LEFT(LastReceiptDate,22), 101) AS LastReceiptDate,    CAST(MinOrderQty AS int) AS MinOrderQty,    CAST(MaxOrderQty AS int) AS MaxOrderQty,    CAST(OnOrderQty AS int) AS OnOrderQty,    CAST(UnitMeasureCode AS nchar(6)) AS UnitMeasureCode,    CONVERT(datetime, LEFT(ModifiedDate,22), 101) AS ModifiedDate",purchasingproductvendor,"ProductID,BusinessEntityID"
[Person].[BusinessEntityContact],BusinessEntityContact," [BusinessEntityID] NVARCHAR(50) ,   [PersonID] NVARCHAR(50) ,   [ContactTypeID] NVARCHAR(50) ,   [rowguid] NVARCHAR(500) ,   [ModifiedDate] NVARCHAR(50)"," [BusinessEntityID] int ,    [PersonID] int ,    [ContactTypeID] int ,    [rowguid] uniqueidentifier ,    [ModifiedDate] datetime "," [BusinessEntityID] ,    [PersonID] ,    [ContactTypeID] ,    [rowguid] ,    [ModifiedDate] "," CAST(BusinessEntityID AS int) AS BusinessEntityID,    CAST(PersonID AS int) AS PersonID,    CAST(ContactTypeID AS int) AS ContactTypeID,    CAST(rowguid AS uniqueidentifier) AS rowguid,    CONVERT(datetime, LEFT(ModifiedDate,22), 101) AS ModifiedDate",personbusinessentitycontact,"BusinessEntityID,PersonID,ContactTypeID"
[Production].[UnitMeasure],UnitMeasure," [UnitMeasureCode] NVARCHAR(500) ,   [Name] NVARCHAR(500) ,   [ModifiedDate] NVARCHAR(50)"," [UnitMeasureCode] nchar(6) ,    [Name] Name(100) ,    [ModifiedDate] datetime "," [UnitMeasureCode] ,    [Name] ,    [ModifiedDate] "," CAST(UnitMeasureCode AS nchar(6)) AS UnitMeasureCode,    CAST(Name AS Name(100)) AS Name,    CONVERT(datetime, LEFT(ModifiedDate,22), 101) AS ModifiedDate",productionunitmeasure,UnitMeasureCode
[Purchasing].[Vendor],Vendor," [BusinessEntityID] NVARCHAR(50) ,   [AccountNumber] NVARCHAR(500) ,   [Name] NVARCHAR(500) ,   [CreditRating] NVARCHAR(500) ,   [PreferredVendorStatus] NVARCHAR(500) ,   [ActiveFlag] NVARCHAR(500) ,   [PurchasingWebServiceURL] NVARCHAR(2048) ,   [ModifiedDate] NVARCHAR(50)"," [BusinessEntityID] int ,    [AccountNumber] AccountNumber(30) ,    [Name] Name(100) ,    [CreditRating] tinyint ,    [PreferredVendorStatus] Flag(1) ,    [ActiveFlag] Flag(1) ,    [PurchasingWebServiceURL] nvarchar(2048) ,    [ModifiedDate] datetime "," [BusinessEntityID] ,    [AccountNumber] ,    [Name] ,    [CreditRating] ,    [PreferredVendorStatus] ,    [ActiveFlag] ,    [PurchasingWebServiceURL] ,    [ModifiedDate] "," CAST(BusinessEntityID AS int) AS BusinessEntityID,    CAST(AccountNumber AS AccountNumber(30)) AS AccountNumber,    CAST(Name AS Name(100)) AS Name,    CAST(CreditRating AS tinyint) AS CreditRating,    CAST(PreferredVendorStatus AS Flag(1)) AS PreferredVendorStatus,    CAST(ActiveFlag AS Flag(1)) AS ActiveFlag,    CAST(PurchasingWebServiceURL AS nvarchar(2048)) AS PurchasingWebServiceURL,    CONVERT(datetime, LEFT(ModifiedDate,22), 101) AS ModifiedDate",purchasingvendor,BusinessEntityID
[Person].[ContactType],ContactType," [ContactTypeID] NVARCHAR(50) ,   [Name] NVARCHAR(500) ,   [ModifiedDate] NVARCHAR(50)"," [ContactTypeID] int ,    [Name] Name(100) ,    [ModifiedDate] datetime "," [ContactTypeID] ,    [Name] ,    [ModifiedDate] "," CAST(ContactTypeID AS int) AS ContactTypeID,    CAST(Name AS Name(100)) AS Name,    CONVERT(datetime, LEFT(ModifiedDate,22), 101) AS ModifiedDate",personcontacttype,ContactTypeID
[Sales].[CountryRegionCurrency],CountryRegionCurrency," [CountryRegionCode] NVARCHAR(500) ,   [CurrencyCode] NVARCHAR(500) ,   [ModifiedDate] NVARCHAR(50)"," [CountryRegionCode] nvarchar(6) ,    [CurrencyCode] nchar(6) ,    [ModifiedDate] datetime "," [CountryRegionCode] ,    [CurrencyCode] ,    [ModifiedDate] "," CAST(CountryRegionCode AS nvarchar(6)) AS CountryRegionCode,    CAST(CurrencyCode AS nchar(6)) AS CurrencyCode,    CONVERT(datetime, LEFT(ModifiedDate,22), 101) AS ModifiedDate",salescountryregioncurrency,"CountryRegionCode,CurrencyCode"
[Person].[CountryRegion],CountryRegion," [CountryRegionCode] NVARCHAR(500) ,   [Name] NVARCHAR(500) ,   [ModifiedDate] NVARCHAR(50)"," [CountryRegionCode] nvarchar(6) ,    [Name] Name(100) ,    [ModifiedDate] datetime "," [CountryRegionCode] ,    [Name] ,    [ModifiedDate] "," CAST(CountryRegionCode AS nvarchar(6)) AS CountryRegionCode,    CAST(Name AS Name(100)) AS Name,    CONVERT(datetime, LEFT(ModifiedDate,22), 101) AS ModifiedDate",personcountryregion,CountryRegionCode
[Production].[WorkOrder],WorkOrder," [WorkOrderID] NVARCHAR(50) ,   [ProductID] NVARCHAR(50) ,   [OrderQty] NVARCHAR(50) ,   [StockedQty] NVARCHAR(50) ,   [ScrappedQty] NVARCHAR(500) ,   [StartDate] NVARCHAR(50) ,   [EndDate] NVARCHAR(50) ,   [DueDate] NVARCHAR(50) ,   [ScrapReasonID] NVARCHAR(500) ,   [ModifiedDate] NVARCHAR(50)"," [WorkOrderID] int ,    [ProductID] int ,    [OrderQty] int ,    [StockedQty] int ,    [ScrappedQty] smallint ,    [StartDate] datetime ,    [EndDate] datetime ,    [DueDate] datetime ,    [ScrapReasonID] smallint ,    [ModifiedDate] datetime "," [WorkOrderID] ,    [ProductID] ,    [OrderQty] ,    [StockedQty] ,    [ScrappedQty] ,    [StartDate] ,    [EndDate] ,    [DueDate] ,    [ScrapReasonID] ,    [ModifiedDate] "," CAST(WorkOrderID AS int) AS WorkOrderID,    CAST(ProductID AS int) AS ProductID,    CAST(OrderQty AS int) AS OrderQty,    CAST(StockedQty AS int) AS StockedQty,    CAST(ScrappedQty AS smallint) AS ScrappedQty,    CONVERT(datetime, LEFT(StartDate,22), 101) AS StartDate,    CONVERT(datetime, LEFT(EndDate,22), 101) AS EndDate,    CONVERT(datetime, LEFT(DueDate,22), 101) AS DueDate,    CAST(ScrapReasonID AS smallint) AS ScrapReasonID,    CONVERT(datetime, LEFT(ModifiedDate,22), 101) AS ModifiedDate",productionworkorder,WorkOrderID
[Purchasing].[PurchaseOrderDetail],PurchaseOrderDetail," [PurchaseOrderID] NVARCHAR(50) ,   [PurchaseOrderDetailID] NVARCHAR(50) ,   [DueDate] NVARCHAR(50) ,   [OrderQty] NVARCHAR(500) ,   [ProductID] NVARCHAR(50) ,   [UnitPrice] NVARCHAR(500) ,   [LineTotal] NVARCHAR(500) ,   [ReceivedQty] NVARCHAR(50) ,   [RejectedQty] NVARCHAR(50) ,   [StockedQty] NVARCHAR(50) ,   [ModifiedDate] NVARCHAR(50)"," [PurchaseOrderID] int ,    [PurchaseOrderDetailID] int ,    [DueDate] datetime ,    [OrderQty] smallint ,    [ProductID] int ,    [UnitPrice] money ,    [LineTotal] money ,    [ReceivedQty] decimal(12,5)  ,    [RejectedQty] decimal(12,5)  ,    [StockedQty] decimal(12,5)  ,    [ModifiedDate] datetime "," [PurchaseOrderID] ,    [PurchaseOrderDetailID] ,    [DueDate] ,    [OrderQty] ,    [ProductID] ,    [UnitPrice] ,    [LineTotal] ,    [ReceivedQty] ,    [RejectedQty] ,    [StockedQty] ,    [ModifiedDate] "," CAST(PurchaseOrderID AS int) AS PurchaseOrderID,    CAST(PurchaseOrderDetailID AS int) AS PurchaseOrderDetailID,    CONVERT(datetime, LEFT(DueDate,22), 101) AS DueDate,    CAST(OrderQty AS smallint) AS OrderQty,    CAST(ProductID AS int) AS ProductID,    CAST(UnitPrice AS money) AS UnitPrice,    CAST(LineTotal AS money) AS LineTotal,    CAST(ReceivedQty AS decimal(12,5)) AS ReceivedQty,    CAST(RejectedQty AS decimal(12,5)) AS RejectedQty,    CAST(StockedQty AS decimal(12,5)) AS StockedQty,    CONVERT(datetime, LEFT(ModifiedDate,22), 101) AS ModifiedDate",purchasingpurchaseorderdetail,"PurchaseOrderID,PurchaseOrderDetailID"
[Sales].[CreditCard],CreditCard," [CreditCardID] NVARCHAR(50) ,   [CardType] NVARCHAR(500) ,   [CardNumber] NVARCHAR(500) ,   [ExpMonth] NVARCHAR(500) ,   [ExpYear] NVARCHAR(500) ,   [ModifiedDate] NVARCHAR(50)"," [CreditCardID] int ,    [CardType] nvarchar(100) ,    [CardNumber] nvarchar(50) ,    [ExpMonth] tinyint ,    [ExpYear] smallint ,    [ModifiedDate] datetime "," [CreditCardID] ,    [CardType] ,    [CardNumber] ,    [ExpMonth] ,    [ExpYear] ,    [ModifiedDate] "," CAST(CreditCardID AS int) AS CreditCardID,    CAST(CardType AS nvarchar(100)) AS CardType,    CAST(CardNumber AS nvarchar(50)) AS CardNumber,    CAST(ExpMonth AS tinyint) AS ExpMonth,    CAST(ExpYear AS smallint) AS ExpYear,    CONVERT(datetime, LEFT(ModifiedDate,22), 101) AS ModifiedDate",salescreditcard,CreditCardID
[Production].[Culture],Culture," [CultureID] NVARCHAR(500) ,   [Name] NVARCHAR(500) ,   [ModifiedDate] NVARCHAR(50)"," [CultureID] nchar(12) ,    [Name] Name(100) ,    [ModifiedDate] datetime "," [CultureID] ,    [Name] ,    [ModifiedDate] "," CAST(CultureID AS nchar(12)) AS CultureID,    CAST(Name AS Name(100)) AS Name,    CONVERT(datetime, LEFT(ModifiedDate,22), 101) AS ModifiedDate",productionculture,CultureID
[Production].[WorkOrderRouting],WorkOrderRouting," [WorkOrderID] NVARCHAR(50) ,   [ProductID] NVARCHAR(50) ,   [OperationSequence] NVARCHAR(500) ,   [LocationID] NVARCHAR(500) ,   [ScheduledStartDate] NVARCHAR(50) ,   [ScheduledEndDate] NVARCHAR(50) ,   [ActualStartDate] NVARCHAR(50) ,   [ActualEndDate] NVARCHAR(50) ,   [ActualResourceHrs] NVARCHAR(50) ,   [PlannedCost] NVARCHAR(500) ,   [ActualCost] NVARCHAR(500) ,   [ModifiedDate] NVARCHAR(50)"," [WorkOrderID] int ,    [ProductID] int ,    [OperationSequence] smallint ,    [LocationID] smallint ,    [ScheduledStartDate] datetime ,    [ScheduledEndDate] datetime ,    [ActualStartDate] datetime ,    [ActualEndDate] datetime ,    [ActualResourceHrs] decimal(12,5)  ,    [PlannedCost] money ,    [ActualCost] money ,    [ModifiedDate] datetime "," [WorkOrderID] ,    [ProductID] ,    [OperationSequence] ,    [LocationID] ,    [ScheduledStartDate] ,    [ScheduledEndDate] ,    [ActualStartDate] ,    [ActualEndDate] ,    [ActualResourceHrs] ,    [PlannedCost] ,    [ActualCost] ,    [ModifiedDate] "," CAST(WorkOrderID AS int) AS WorkOrderID,    CAST(ProductID AS int) AS ProductID,    CAST(OperationSequence AS smallint) AS OperationSequence,    CAST(LocationID AS smallint) AS LocationID,    CONVERT(datetime, LEFT(ScheduledStartDate,22), 101) AS ScheduledStartDate,    CONVERT(datetime, LEFT(ScheduledEndDate,22), 101) AS ScheduledEndDate,    CONVERT(datetime, LEFT(ActualStartDate,22), 101) AS ActualStartDate,    CONVERT(datetime, LEFT(ActualEndDate,22), 101) AS ActualEndDate,    CAST(ActualResourceHrs AS decimal(12,5)) AS ActualResourceHrs,    CAST(PlannedCost AS money) AS PlannedCost,    CAST(ActualCost AS money) AS ActualCost,    CONVERT(datetime, LEFT(ModifiedDate,22), 101) AS ModifiedDate",productionworkorderrouting,"WorkOrderID,ProductID,OperationSequence"
[Sales].[Currency],Currency," [CurrencyCode] NVARCHAR(500) ,   [Name] NVARCHAR(500) ,   [ModifiedDate] NVARCHAR(50)"," [CurrencyCode] nchar(6) ,    [Name] Name(100) ,    [ModifiedDate] datetime "," [CurrencyCode] ,    [Name] ,    [ModifiedDate] "," CAST(CurrencyCode AS nchar(6)) AS CurrencyCode,    CAST(Name AS Name(100)) AS Name,    CONVERT(datetime, LEFT(ModifiedDate,22), 101) AS ModifiedDate",salescurrency,CurrencyCode
[Purchasing].[PurchaseOrderHeader],PurchaseOrderHeader," [PurchaseOrderID] NVARCHAR(50) ,   [RevisionNumber] NVARCHAR(500) ,   [Status] NVARCHAR(500) ,   [EmployeeID] NVARCHAR(50) ,   [VendorID] NVARCHAR(50) ,   [ShipMethodID] NVARCHAR(50) ,   [OrderDate] NVARCHAR(50) ,   [ShipDate] NVARCHAR(50) ,   [SubTotal] NVARCHAR(500) ,   [TaxAmt] NVARCHAR(500) ,   [Freight] NVARCHAR(500) ,   [TotalDue] NVARCHAR(500) ,   [ModifiedDate] NVARCHAR(50)"," [PurchaseOrderID] int ,    [RevisionNumber] tinyint ,    [Status] tinyint ,    [EmployeeID] int ,    [VendorID] int ,    [ShipMethodID] int ,    [OrderDate] datetime ,    [ShipDate] datetime ,    [SubTotal] money ,    [TaxAmt] money ,    [Freight] money ,    [TotalDue] money ,    [ModifiedDate] datetime "," [PurchaseOrderID] ,    [RevisionNumber] ,    [Status] ,    [EmployeeID] ,    [VendorID] ,    [ShipMethodID] ,    [OrderDate] ,    [ShipDate] ,    [SubTotal] ,    [TaxAmt] ,    [Freight] ,    [TotalDue] ,    [ModifiedDate] "," CAST(PurchaseOrderID AS int) AS PurchaseOrderID,    CAST(RevisionNumber AS tinyint) AS RevisionNumber,    CAST(Status AS tinyint) AS Status,    CAST(EmployeeID AS int) AS EmployeeID,    CAST(VendorID AS int) AS VendorID,    CAST(ShipMethodID AS int) AS ShipMethodID,    CONVERT(datetime, LEFT(OrderDate,22), 101) AS OrderDate,    CONVERT(datetime, LEFT(ShipDate,22), 101) AS ShipDate,    CAST(SubTotal AS money) AS SubTotal,    CAST(TaxAmt AS money) AS TaxAmt,    CAST(Freight AS money) AS Freight,    CAST(TotalDue AS money) AS TotalDue,    CONVERT(datetime, LEFT(ModifiedDate,22), 101) AS ModifiedDate",purchasingpurchaseorderheader,PurchaseOrderID
[Sales].[CurrencyRate],CurrencyRate," [CurrencyRateID] NVARCHAR(50) ,   [CurrencyRateDate] NVARCHAR(50) ,   [FromCurrencyCode] NVARCHAR(500) ,   [ToCurrencyCode] NVARCHAR(500) ,   [AverageRate] NVARCHAR(500) ,   [EndOfDayRate] NVARCHAR(500) ,   [ModifiedDate] NVARCHAR(50)"," [CurrencyRateID] int ,    [CurrencyRateDate] datetime ,    [FromCurrencyCode] nchar(6) ,    [ToCurrencyCode] nchar(6) ,    [AverageRate] money ,    [EndOfDayRate] money ,    [ModifiedDate] datetime "," [CurrencyRateID] ,    [CurrencyRateDate] ,    [FromCurrencyCode] ,    [ToCurrencyCode] ,    [AverageRate] ,    [EndOfDayRate] ,    [ModifiedDate] "," CAST(CurrencyRateID AS int) AS CurrencyRateID,    CONVERT(datetime, LEFT(CurrencyRateDate,22), 101) AS CurrencyRateDate,    CAST(FromCurrencyCode AS nchar(6)) AS FromCurrencyCode,    CAST(ToCurrencyCode AS nchar(6)) AS ToCurrencyCode,    CAST(AverageRate AS money) AS AverageRate,    CAST(EndOfDayRate AS money) AS EndOfDayRate,    CONVERT(datetime, LEFT(ModifiedDate,22), 101) AS ModifiedDate",salescurrencyrate,CurrencyRateID
[Sales].[Customer],Customer," [CustomerID] NVARCHAR(50) ,   [PersonID] NVARCHAR(50) ,   [StoreID] NVARCHAR(50) ,   [TerritoryID] NVARCHAR(50) ,   [AccountNumber] NVARCHAR(500) ,   [rowguid] NVARCHAR(500) ,   [ModifiedDate] NVARCHAR(50)"," [CustomerID] int ,    [PersonID] int ,    [StoreID] int ,    [TerritoryID] int ,    [AccountNumber] varchar(10) ,    [rowguid] uniqueidentifier ,    [ModifiedDate] datetime "," [CustomerID] ,    [PersonID] ,    [StoreID] ,    [TerritoryID] ,    [AccountNumber] ,    [rowguid] ,    [ModifiedDate] "," CAST(CustomerID AS int) AS CustomerID,    CAST(PersonID AS int) AS PersonID,    CAST(StoreID AS int) AS StoreID,    CAST(TerritoryID AS int) AS TerritoryID,    CAST(AccountNumber AS varchar(10)) AS AccountNumber,    CAST(rowguid AS uniqueidentifier) AS rowguid,    CONVERT(datetime, LEFT(ModifiedDate,22), 101) AS ModifiedDate",salescustomer,CustomerID
[HumanResources].[Department],Department," [DepartmentID] NVARCHAR(500) ,   [Name] NVARCHAR(500) ,   [GroupName] NVARCHAR(500) ,   [ModifiedDate] NVARCHAR(50)"," [DepartmentID] smallint ,    [Name] Name(100) ,    [GroupName] Name(100) ,    [ModifiedDate] datetime "," [DepartmentID] ,    [Name] ,    [GroupName] ,    [ModifiedDate] "," CAST(DepartmentID AS smallint) AS DepartmentID,    CAST(Name AS Name(100)) AS Name,    CAST(GroupName AS Name(100)) AS GroupName,    CONVERT(datetime, LEFT(ModifiedDate,22), 101) AS ModifiedDate",humanresourcesdepartment,DepartmentID
[Production].[Document],Document," [DocumentNode] NVARCHAR(892) ,   [DocumentLevel] NVARCHAR(500) ,   [Title] NVARCHAR(500) ,   [Owner] NVARCHAR(50) ,   [FolderFlag] NVARCHAR(500) ,   [FileName] NVARCHAR(800) ,   [FileExtension] NVARCHAR(500) ,   [Revision] NVARCHAR(500) ,   [ChangeNumber] NVARCHAR(50) ,   [Status] NVARCHAR(500) ,   [DocumentSummary] NVARCHAR(500) ,   [Document] NVARCHAR(500) ,   [rowguid] NVARCHAR(500) ,   [ModifiedDate] NVARCHAR(50)"," [DocumentNode] hierarchyid(892) ,    [DocumentLevel] smallint ,    [Title] nvarchar(100) ,    [Owner] int ,    [FolderFlag] bit ,    [FileName] nvarchar(800) ,    [FileExtension] nvarchar(16) ,    [Revision] nchar(10) ,    [ChangeNumber] int ,    [Status] tinyint ,    [DocumentSummary] nvarchar(-1) ,    [Document] varbinary ,    [rowguid] uniqueidentifier ,    [ModifiedDate] datetime "," [DocumentNode] ,    [DocumentLevel] ,    [Title] ,    [Owner] ,    [FolderFlag] ,    [FileName] ,    [FileExtension] ,    [Revision] ,    [ChangeNumber] ,    [Status] ,    [DocumentSummary] ,    [Document] ,    [rowguid] ,    [ModifiedDate] "," CAST(DocumentNode AS hierarchyid(892)) AS DocumentNode,    CAST(DocumentLevel AS smallint) AS DocumentLevel,    CAST(Title AS nvarchar(100)) AS Title,    CAST(Owner AS int) AS Owner,    CAST(FolderFlag AS bit) AS FolderFlag,    CAST(FileName AS nvarchar(800)) AS FileName,    CAST(FileExtension AS nvarchar(16)) AS FileExtension,    CAST(Revision AS nchar(10)) AS Revision,    CAST(ChangeNumber AS int) AS ChangeNumber,    CAST(Status AS tinyint) AS Status,    CAST(DocumentSummary AS nvarchar(-1)) AS DocumentSummary,    CAST(Document AS varbinary) AS Document,    CAST(rowguid AS uniqueidentifier) AS rowguid,    CONVERT(datetime, LEFT(ModifiedDate,22), 101) AS ModifiedDate",productiondocument,DocumentNode
[Sales].[SalesOrderDetail],SalesOrderDetail," [SalesOrderID] NVARCHAR(50) ,   [SalesOrderDetailID] NVARCHAR(50) ,   [CarrierTrackingNumber] NVARCHAR(500) ,   [OrderQty] NVARCHAR(500) ,   [ProductID] NVARCHAR(50) ,   [SpecialOfferID] NVARCHAR(50) ,   [UnitPrice] NVARCHAR(500) ,   [UnitPriceDiscount] NVARCHAR(500) ,   [LineTotal] NVARCHAR(50) ,   [rowguid] NVARCHAR(500) ,   [ModifiedDate] NVARCHAR(50)"," [SalesOrderID] int ,    [SalesOrderDetailID] int ,    [CarrierTrackingNumber] nvarchar(50) ,    [OrderQty] smallint ,    [ProductID] int ,    [SpecialOfferID] int ,    [UnitPrice] money ,    [UnitPriceDiscount] money ,    [LineTotal] numeric(17) ,    [rowguid] uniqueidentifier ,    [ModifiedDate] datetime "," [SalesOrderID] ,    [SalesOrderDetailID] ,    [CarrierTrackingNumber] ,    [OrderQty] ,    [ProductID] ,    [SpecialOfferID] ,    [UnitPrice] ,    [UnitPriceDiscount] ,    [LineTotal] ,    [rowguid] ,    [ModifiedDate] "," CAST(SalesOrderID AS int) AS SalesOrderID,    CAST(SalesOrderDetailID AS int) AS SalesOrderDetailID,    CAST(CarrierTrackingNumber AS nvarchar(50)) AS CarrierTrackingNumber,    CAST(OrderQty AS smallint) AS OrderQty,    CAST(ProductID AS int) AS ProductID,    CAST(SpecialOfferID AS int) AS SpecialOfferID,    CAST(UnitPrice AS money) AS UnitPrice,    CAST(UnitPriceDiscount AS money) AS UnitPriceDiscount,    CAST(LineTotal AS numeric(17)) AS LineTotal,    CAST(rowguid AS uniqueidentifier) AS rowguid,    CONVERT(datetime, LEFT(ModifiedDate,22), 101) AS ModifiedDate",salessalesorderdetail,"SalesOrderID,SalesOrderDetailID"
[Person].[EmailAddress],EmailAddress," [BusinessEntityID] NVARCHAR(50) ,   [EmailAddressID] NVARCHAR(50) ,   [EmailAddress] NVARCHAR(500) ,   [rowguid] NVARCHAR(500) ,   [ModifiedDate] NVARCHAR(50)"," [BusinessEntityID] int ,    [EmailAddressID] int ,    [EmailAddress] nvarchar(100) ,    [rowguid] uniqueidentifier ,    [ModifiedDate] datetime "," [BusinessEntityID] ,    [EmailAddressID] ,    [EmailAddress] ,    [rowguid] ,    [ModifiedDate] "," CAST(BusinessEntityID AS int) AS BusinessEntityID,    CAST(EmailAddressID AS int) AS EmailAddressID,    CAST(EmailAddress AS nvarchar(100)) AS EmailAddress,    CAST(rowguid AS uniqueidentifier) AS rowguid,    CONVERT(datetime, LEFT(ModifiedDate,22), 101) AS ModifiedDate",personemailaddress,"BusinessEntityID,EmailAddressID"
[HumanResources].[EmployeeDepartmentHistory],EmployeeDepartmentHistory," [BusinessEntityID] NVARCHAR(50) ,   [DepartmentID] NVARCHAR(500) ,   [ShiftID] NVARCHAR(500) ,   [StartDate] NVARCHAR(50) ,   [EndDate] NVARCHAR(50) ,   [ModifiedDate] NVARCHAR(50)"," [BusinessEntityID] int ,    [DepartmentID] smallint ,    [ShiftID] tinyint ,    [StartDate] date ,    [EndDate] date ,    [ModifiedDate] datetime "," [BusinessEntityID] ,    [DepartmentID] ,    [ShiftID] ,    [StartDate] ,    [EndDate] ,    [ModifiedDate] "," CAST(BusinessEntityID AS int) AS BusinessEntityID,    CAST(DepartmentID AS smallint) AS DepartmentID,    CAST(ShiftID AS tinyint) AS ShiftID,    CAST(StartDate AS date) AS StartDate,    CAST(EndDate AS date) AS EndDate,    CONVERT(datetime, LEFT(ModifiedDate,22), 101) AS ModifiedDate",humanresourcesemployeedepartmenthistory,"BusinessEntityID,DepartmentID,ShiftID,StartDate"
[HumanResources].[EmployeePayHistory],EmployeePayHistory," [BusinessEntityID] NVARCHAR(50) ,   [RateChangeDate] NVARCHAR(50) ,   [Rate] NVARCHAR(500) ,   [PayFrequency] NVARCHAR(500) ,   [ModifiedDate] NVARCHAR(50)"," [BusinessEntityID] int ,    [RateChangeDate] datetime ,    [Rate] money ,    [PayFrequency] tinyint ,    [ModifiedDate] datetime "," [BusinessEntityID] ,    [RateChangeDate] ,    [Rate] ,    [PayFrequency] ,    [ModifiedDate] "," CAST(BusinessEntityID AS int) AS BusinessEntityID,    CONVERT(datetime, LEFT(RateChangeDate,22), 101) AS RateChangeDate,    CAST(Rate AS money) AS Rate,    CAST(PayFrequency AS tinyint) AS PayFrequency,    CONVERT(datetime, LEFT(ModifiedDate,22), 101) AS ModifiedDate",humanresourcesemployeepayhistory,"BusinessEntityID,RateChangeDate"
[Sales].[SalesOrderHeaderSalesReason],SalesOrderHeaderSalesReason," [SalesOrderID] NVARCHAR(50) ,   [SalesReasonID] NVARCHAR(50) ,   [ModifiedDate] NVARCHAR(50)"," [SalesOrderID] int ,    [SalesReasonID] int ,    [ModifiedDate] datetime "," [SalesOrderID] ,    [SalesReasonID] ,    [ModifiedDate] "," CAST(SalesOrderID AS int) AS SalesOrderID,    CAST(SalesReasonID AS int) AS SalesReasonID,    CONVERT(datetime, LEFT(ModifiedDate,22), 101) AS ModifiedDate",salessalesorderheadersalesreason,"SalesOrderID,SalesReasonID"
[Sales].[SalesPerson],SalesPerson," [BusinessEntityID] NVARCHAR(50) ,   [TerritoryID] NVARCHAR(50) ,   [SalesQuota] NVARCHAR(500) ,   [Bonus] NVARCHAR(500) ,   [CommissionPct] NVARCHAR(500) ,   [SalesYTD] NVARCHAR(500) ,   [SalesLastYear] NVARCHAR(500) ,   [rowguid] NVARCHAR(500) ,   [ModifiedDate] NVARCHAR(50)"," [BusinessEntityID] int ,    [TerritoryID] int ,    [SalesQuota] money ,    [Bonus] money ,    [CommissionPct] smallmoney(4) ,    [SalesYTD] money ,    [SalesLastYear] money ,    [rowguid] uniqueidentifier ,    [ModifiedDate] datetime "," [BusinessEntityID] ,    [TerritoryID] ,    [SalesQuota] ,    [Bonus] ,    [CommissionPct] ,    [SalesYTD] ,    [SalesLastYear] ,    [rowguid] ,    [ModifiedDate] "," CAST(BusinessEntityID AS int) AS BusinessEntityID,    CAST(TerritoryID AS int) AS TerritoryID,    CAST(SalesQuota AS money) AS SalesQuota,    CAST(Bonus AS money) AS Bonus,    CAST(CommissionPct AS smallmoney(4)) AS CommissionPct,    CAST(SalesYTD AS money) AS SalesYTD,    CAST(SalesLastYear AS money) AS SalesLastYear,    CAST(rowguid AS uniqueidentifier) AS rowguid,    CONVERT(datetime, LEFT(ModifiedDate,22), 101) AS ModifiedDate",salessalesperson,BusinessEntityID
[HumanResources].[Employee],Employee," [BusinessEntityID] NVARCHAR(50) ,   [NationalIDNumber] NVARCHAR(500) ,   [LoginID] NVARCHAR(512) ,   [OrganizationNode] NVARCHAR(892) ,   [OrganizationLevel] NVARCHAR(500) ,   [JobTitle] NVARCHAR(500) ,   [BirthDate] NVARCHAR(50) ,   [MaritalStatus] NVARCHAR(500) ,   [Gender] NVARCHAR(500) ,   [HireDate] NVARCHAR(50) ,   [SalariedFlag] NVARCHAR(500) ,   [VacationHours] NVARCHAR(500) ,   [SickLeaveHours] NVARCHAR(500) ,   [CurrentFlag] NVARCHAR(500) ,   [rowguid] NVARCHAR(500) ,   [ModifiedDate] NVARCHAR(50)"," [BusinessEntityID] int ,    [NationalIDNumber] nvarchar(30) ,    [LoginID] nvarchar(512) ,    [OrganizationNode] hierarchyid(892) ,    [OrganizationLevel] smallint ,    [JobTitle] nvarchar(100) ,    [BirthDate] date ,    [MaritalStatus] nchar(2) ,    [Gender] nchar(2) ,    [HireDate] date ,    [SalariedFlag] Flag(1) ,    [VacationHours] smallint ,    [SickLeaveHours] smallint ,    [CurrentFlag] Flag(1) ,    [rowguid] uniqueidentifier ,    [ModifiedDate] datetime "," [BusinessEntityID] ,    [NationalIDNumber] ,    [LoginID] ,    [OrganizationNode] ,    [OrganizationLevel] ,    [JobTitle] ,    [BirthDate] ,    [MaritalStatus] ,    [Gender] ,    [HireDate] ,    [SalariedFlag] ,    [VacationHours] ,    [SickLeaveHours] ,    [CurrentFlag] ,    [rowguid] ,    [ModifiedDate] "," CAST(BusinessEntityID AS int) AS BusinessEntityID,    CAST(NationalIDNumber AS nvarchar(30)) AS NationalIDNumber,    CAST(LoginID AS nvarchar(512)) AS LoginID,    CAST(OrganizationNode AS hierarchyid(892)) AS OrganizationNode,    CAST(OrganizationLevel AS smallint) AS OrganizationLevel,    CAST(JobTitle AS nvarchar(100)) AS JobTitle,    CAST(BirthDate AS date) AS BirthDate,    CAST(MaritalStatus AS nchar(2)) AS MaritalStatus,    CAST(Gender AS nchar(2)) AS Gender,    CAST(HireDate AS date) AS HireDate,    CAST(SalariedFlag AS Flag(1)) AS SalariedFlag,    CAST(VacationHours AS smallint) AS VacationHours,    CAST(SickLeaveHours AS smallint) AS SickLeaveHours,    CAST(CurrentFlag AS Flag(1)) AS CurrentFlag,    CAST(rowguid AS uniqueidentifier) AS rowguid,    CONVERT(datetime, LEFT(ModifiedDate,22), 101) AS ModifiedDate",humanresourcesemployee,BusinessEntityID
[Sales].[SalesOrderHeader],SalesOrderHeader," [SalesOrderID] NVARCHAR(50) ,   [RevisionNumber] NVARCHAR(500) ,   [OrderDate] NVARCHAR(50) ,   [DueDate] NVARCHAR(50) ,   [ShipDate] NVARCHAR(50) ,   [Status] NVARCHAR(500) ,   [OnlineOrderFlag] NVARCHAR(500) ,   [SalesOrderNumber] NVARCHAR(500) ,   [PurchaseOrderNumber] NVARCHAR(500) ,   [AccountNumber] NVARCHAR(500) ,   [CustomerID] NVARCHAR(50) ,   [SalesPersonID] NVARCHAR(50) ,   [TerritoryID] NVARCHAR(50) ,   [BillToAddressID] NVARCHAR(50) ,   [ShipToAddressID] NVARCHAR(50) ,   [ShipMethodID] NVARCHAR(50) ,   [CreditCardID] NVARCHAR(50) ,   [CreditCardApprovalCode] NVARCHAR(500) ,   [CurrencyRateID] NVARCHAR(50) ,   [SubTotal] NVARCHAR(500) ,   [TaxAmt] NVARCHAR(500) ,   [Freight] NVARCHAR(500) ,   [TotalDue] NVARCHAR(500) ,   [Comment] NVARCHAR(500) ,   [rowguid] NVARCHAR(500) ,   [ModifiedDate] NVARCHAR(50)"," [SalesOrderID] int ,    [RevisionNumber] tinyint ,    [OrderDate] datetime ,    [DueDate] datetime ,    [ShipDate] datetime ,    [Status] tinyint ,    [OnlineOrderFlag] Flag(1) ,    [SalesOrderNumber] nvarchar(50) ,    [PurchaseOrderNumber] OrderNumber(50) ,    [AccountNumber] AccountNumber(30) ,    [CustomerID] int ,    [SalesPersonID] int ,    [TerritoryID] int ,    [BillToAddressID] int ,    [ShipToAddressID] int ,    [ShipMethodID] int ,    [CreditCardID] int ,    [CreditCardApprovalCode] varchar(15) ,    [CurrencyRateID] int ,    [SubTotal] money ,    [TaxAmt] money ,    [Freight] money ,    [TotalDue] money ,    [Comment] nvarchar(256) ,    [rowguid] uniqueidentifier ,    [ModifiedDate] datetime "," [SalesOrderID] ,    [RevisionNumber] ,    [OrderDate] ,    [DueDate] ,    [ShipDate] ,    [Status] ,    [OnlineOrderFlag] ,    [SalesOrderNumber] ,    [PurchaseOrderNumber] ,    [AccountNumber] ,    [CustomerID] ,    [SalesPersonID] ,    [TerritoryID] ,    [BillToAddressID] ,    [ShipToAddressID] ,    [ShipMethodID] ,    [CreditCardID] ,    [CreditCardApprovalCode] ,    [CurrencyRateID] ,    [SubTotal] ,    [TaxAmt] ,    [Freight] ,    [TotalDue] ,    [Comment] ,    [rowguid] ,    [ModifiedDate] "," CAST(SalesOrderID AS int) AS SalesOrderID,    CAST(RevisionNumber AS tinyint) AS RevisionNumber,    CONVERT(datetime, LEFT(OrderDate,22), 101) AS OrderDate,    CONVERT(datetime, LEFT(DueDate,22), 101) AS DueDate,    CONVERT(datetime, LEFT(ShipDate,22), 101) AS ShipDate,    CAST(Status AS tinyint) AS Status,    CAST(OnlineOrderFlag AS Flag(1)) AS OnlineOrderFlag,    CAST(SalesOrderNumber AS nvarchar(50)) AS SalesOrderNumber,    CAST(PurchaseOrderNumber AS OrderNumber(50)) AS PurchaseOrderNumber,    CAST(AccountNumber AS AccountNumber(30)) AS AccountNumber,    CAST(CustomerID AS int) AS CustomerID,    CAST(SalesPersonID AS int) AS SalesPersonID,    CAST(TerritoryID AS int) AS TerritoryID,    CAST(BillToAddressID AS int) AS BillToAddressID,    CAST(ShipToAddressID AS int) AS ShipToAddressID,    CAST(ShipMethodID AS int) AS ShipMethodID,    CAST(CreditCardID AS int) AS CreditCardID,    CAST(CreditCardApprovalCode AS varchar(15)) AS CreditCardApprovalCode,    CAST(CurrencyRateID AS int) AS CurrencyRateID,    CAST(SubTotal AS money) AS SubTotal,    CAST(TaxAmt AS money) AS TaxAmt,    CAST(Freight AS money) AS Freight,    CAST(TotalDue AS money) AS TotalDue,    CAST(Comment AS nvarchar(256)) AS Comment,    CAST(rowguid AS uniqueidentifier) AS rowguid,    CONVERT(datetime, LEFT(ModifiedDate,22), 101) AS ModifiedDate",salessalesorderheader,SalesOrderID
[Production].[Illustration],Illustration," [IllustrationID] NVARCHAR(50) ,   [Diagram] NVARCHAR(500) ,   [ModifiedDate] NVARCHAR(50)"," [IllustrationID] int ,    [Diagram] xml(-1) ,    [ModifiedDate] datetime "," [IllustrationID] ,    [Diagram] ,    [ModifiedDate] "," CAST(IllustrationID AS int) AS IllustrationID,    CAST(Diagram AS xml(-1)) AS Diagram,    CONVERT(datetime, LEFT(ModifiedDate,22), 101) AS ModifiedDate",productionillustration,IllustrationID
[HumanResources].[JobCandidate],JobCandidate," [JobCandidateID] NVARCHAR(50) ,   [BusinessEntityID] NVARCHAR(50) ,   [Resume] NVARCHAR(500) ,   [ModifiedDate] NVARCHAR(50)"," [JobCandidateID] int ,    [BusinessEntityID] int ,    [Resume] xml(-1) ,    [ModifiedDate] datetime "," [JobCandidateID] ,    [BusinessEntityID] ,    [Resume] ,    [ModifiedDate] "," CAST(JobCandidateID AS int) AS JobCandidateID,    CAST(BusinessEntityID AS int) AS BusinessEntityID,    CAST(Resume AS xml(-1)) AS Resume,    CONVERT(datetime, LEFT(ModifiedDate,22), 101) AS ModifiedDate",humanresourcesjobcandidate,JobCandidateID
[Production].[Location],Location," [LocationID] NVARCHAR(500) ,   [Name] NVARCHAR(500) ,   [CostRate] NVARCHAR(500) ,   [Availability] NVARCHAR(50) ,   [ModifiedDate] NVARCHAR(50)"," [LocationID] smallint ,    [Name] Name(100) ,    [CostRate] smallmoney(4) ,    [Availability] decimal(12,5)  ,    [ModifiedDate] datetime "," [LocationID] ,    [Name] ,    [CostRate] ,    [Availability] ,    [ModifiedDate] "," CAST(LocationID AS smallint) AS LocationID,    CAST(Name AS Name(100)) AS Name,    CAST(CostRate AS smallmoney(4)) AS CostRate,    CAST(Availability AS decimal(12,5)) AS Availability,    CONVERT(datetime, LEFT(ModifiedDate,22), 101) AS ModifiedDate",productionlocation,LocationID
[Person].[Password],Password," [BusinessEntityID] NVARCHAR(50) ,   [PasswordHash] NVARCHAR(500) ,   [PasswordSalt] NVARCHAR(500) ,   [rowguid] NVARCHAR(500) ,   [ModifiedDate] NVARCHAR(50)"," [BusinessEntityID] int ,    [PasswordHash] varchar(128) ,    [PasswordSalt] varchar(10) ,    [rowguid] uniqueidentifier ,    [ModifiedDate] datetime "," [BusinessEntityID] ,    [PasswordHash] ,    [PasswordSalt] ,    [rowguid] ,    [ModifiedDate] "," CAST(BusinessEntityID AS int) AS BusinessEntityID,    CAST(PasswordHash AS varchar(128)) AS PasswordHash,    CAST(PasswordSalt AS varchar(10)) AS PasswordSalt,    CAST(rowguid AS uniqueidentifier) AS rowguid,    CONVERT(datetime, LEFT(ModifiedDate,22), 101) AS ModifiedDate",personpassword,BusinessEntityID
[Sales].[SalesPersonQuotaHistory],SalesPersonQuotaHistory," [BusinessEntityID] NVARCHAR(50) ,   [QuotaDate] NVARCHAR(50) ,   [SalesQuota] NVARCHAR(500) ,   [rowguid] NVARCHAR(500) ,   [ModifiedDate] NVARCHAR(50)"," [BusinessEntityID] int ,    [QuotaDate] datetime ,    [SalesQuota] money ,    [rowguid] uniqueidentifier ,    [ModifiedDate] datetime "," [BusinessEntityID] ,    [QuotaDate] ,    [SalesQuota] ,    [rowguid] ,    [ModifiedDate] "," CAST(BusinessEntityID AS int) AS BusinessEntityID,    CONVERT(datetime, LEFT(QuotaDate,22), 101) AS QuotaDate,    CAST(SalesQuota AS money) AS SalesQuota,    CAST(rowguid AS uniqueidentifier) AS rowguid,    CONVERT(datetime, LEFT(ModifiedDate,22), 101) AS ModifiedDate",salessalespersonquotahistory,"BusinessEntityID,QuotaDate"
[Person].[Person],Person," [BusinessEntityID] NVARCHAR(50) ,   [PersonType] NVARCHAR(500) ,   [NameStyle] NVARCHAR(500) ,   [Title] NVARCHAR(500) ,   [FirstName] NVARCHAR(500) ,   [MiddleName] NVARCHAR(500) ,   [LastName] NVARCHAR(500) ,   [Suffix] NVARCHAR(500) ,   [EmailPromotion] NVARCHAR(50) ,   [AdditionalContactInfo] NVARCHAR(500) ,   [Demographics] NVARCHAR(500) ,   [rowguid] NVARCHAR(500) ,   [ModifiedDate] NVARCHAR(50)"," [BusinessEntityID] int ,    [PersonType] nchar(4) ,    [NameStyle] NameStyle(1) ,    [Title] nvarchar(16) ,    [FirstName] Name(100) ,    [MiddleName] Name(100) ,    [LastName] Name(100) ,    [Suffix] nvarchar(20) ,    [EmailPromotion] int ,    [AdditionalContactInfo] xml(-1) ,    [Demographics] xml(-1) ,    [rowguid] uniqueidentifier ,    [ModifiedDate] datetime "," [BusinessEntityID] ,    [PersonType] ,    [NameStyle] ,    [Title] ,    [FirstName] ,    [MiddleName] ,    [LastName] ,    [Suffix] ,    [EmailPromotion] ,    [AdditionalContactInfo] ,    [Demographics] ,    [rowguid] ,    [ModifiedDate] "," CAST(BusinessEntityID AS int) AS BusinessEntityID,    CAST(PersonType AS nchar(4)) AS PersonType,    CAST(NameStyle AS NameStyle(1)) AS NameStyle,    CAST(Title AS nvarchar(16)) AS Title,    CAST(FirstName AS Name(100)) AS FirstName,    CAST(MiddleName AS Name(100)) AS MiddleName,    CAST(LastName AS Name(100)) AS LastName,    CAST(Suffix AS nvarchar(20)) AS Suffix,    CAST(EmailPromotion AS int) AS EmailPromotion,    CAST(AdditionalContactInfo AS xml(-1)) AS AdditionalContactInfo,    CAST(Demographics AS xml(-1)) AS Demographics,    CAST(rowguid AS uniqueidentifier) AS rowguid,    CONVERT(datetime, LEFT(ModifiedDate,22), 101) AS ModifiedDate",personperson,BusinessEntityID
[Sales].[SalesReason],SalesReason," [SalesReasonID] NVARCHAR(50) ,   [Name] NVARCHAR(500) ,   [ReasonType] NVARCHAR(500) ,   [ModifiedDate] NVARCHAR(50)"," [SalesReasonID] int ,    [Name] Name(100) ,    [ReasonType] Name(100) ,    [ModifiedDate] datetime "," [SalesReasonID] ,    [Name] ,    [ReasonType] ,    [ModifiedDate] "," CAST(SalesReasonID AS int) AS SalesReasonID,    CAST(Name AS Name(100)) AS Name,    CAST(ReasonType AS Name(100)) AS ReasonType,    CONVERT(datetime, LEFT(ModifiedDate,22), 101) AS ModifiedDate",salessalesreason,SalesReasonID
[Sales].[SalesTaxRate],SalesTaxRate," [SalesTaxRateID] NVARCHAR(50) ,   [StateProvinceID] NVARCHAR(50) ,   [TaxType] NVARCHAR(500) ,   [TaxRate] NVARCHAR(500) ,   [Name] NVARCHAR(500) ,   [rowguid] NVARCHAR(500) ,   [ModifiedDate] NVARCHAR(50)"," [SalesTaxRateID] int ,    [StateProvinceID] int ,    [TaxType] tinyint ,    [TaxRate] smallmoney(4) ,    [Name] Name(100) ,    [rowguid] uniqueidentifier ,    [ModifiedDate] datetime "," [SalesTaxRateID] ,    [StateProvinceID] ,    [TaxType] ,    [TaxRate] ,    [Name] ,    [rowguid] ,    [ModifiedDate] "," CAST(SalesTaxRateID AS int) AS SalesTaxRateID,    CAST(StateProvinceID AS int) AS StateProvinceID,    CAST(TaxType AS tinyint) AS TaxType,    CAST(TaxRate AS smallmoney(4)) AS TaxRate,    CAST(Name AS Name(100)) AS Name,    CAST(rowguid AS uniqueidentifier) AS rowguid,    CONVERT(datetime, LEFT(ModifiedDate,22), 101) AS ModifiedDate",salessalestaxrate,SalesTaxRateID
[Sales].[PersonCreditCard],PersonCreditCard," [BusinessEntityID] NVARCHAR(50) ,   [CreditCardID] NVARCHAR(50) ,   [ModifiedDate] NVARCHAR(50)"," [BusinessEntityID] int ,    [CreditCardID] int ,    [ModifiedDate] datetime "," [BusinessEntityID] ,    [CreditCardID] ,    [ModifiedDate] "," CAST(BusinessEntityID AS int) AS BusinessEntityID,    CAST(CreditCardID AS int) AS CreditCardID,    CONVERT(datetime, LEFT(ModifiedDate,22), 101) AS ModifiedDate",salespersoncreditcard,"BusinessEntityID,CreditCardID"
[Person].[PersonPhone],PersonPhone," [BusinessEntityID] NVARCHAR(50) ,   [PhoneNumber] NVARCHAR(500) ,   [PhoneNumberTypeID] NVARCHAR(50) ,   [ModifiedDate] NVARCHAR(50)"," [BusinessEntityID] int ,    [PhoneNumber] Phone(50) ,    [PhoneNumberTypeID] int ,    [ModifiedDate] datetime "," [BusinessEntityID] ,    [PhoneNumber] ,    [PhoneNumberTypeID] ,    [ModifiedDate] "," CAST(BusinessEntityID AS int) AS BusinessEntityID,    CAST(PhoneNumber AS Phone(50)) AS PhoneNumber,    CAST(PhoneNumberTypeID AS int) AS PhoneNumberTypeID,    CONVERT(datetime, LEFT(ModifiedDate,22), 101) AS ModifiedDate",personpersonphone,"BusinessEntityID,PhoneNumber,PhoneNumberTypeID"
[Sales].[SalesTerritory],SalesTerritory," [TerritoryID] NVARCHAR(50) ,   [Name] NVARCHAR(500) ,   [CountryRegionCode] NVARCHAR(500) ,   [Group] NVARCHAR(500) ,   [SalesYTD] NVARCHAR(500) ,   [SalesLastYear] NVARCHAR(500) ,   [CostYTD] NVARCHAR(500) ,   [CostLastYear] NVARCHAR(500) ,   [rowguid] NVARCHAR(500) ,   [ModifiedDate] NVARCHAR(50)"," [TerritoryID] int ,    [Name] Name(100) ,    [CountryRegionCode] nvarchar(6) ,    [Group] nvarchar(100) ,    [SalesYTD] money ,    [SalesLastYear] money ,    [CostYTD] money ,    [CostLastYear] money ,    [rowguid] uniqueidentifier ,    [ModifiedDate] datetime "," [TerritoryID] ,    [Name] ,    [CountryRegionCode] ,    [Group] ,    [SalesYTD] ,    [SalesLastYear] ,    [CostYTD] ,    [CostLastYear] ,    [rowguid] ,    [ModifiedDate] "," CAST(TerritoryID AS int) AS TerritoryID,    CAST(Name AS Name(100)) AS Name,    CAST(CountryRegionCode AS nvarchar(6)) AS CountryRegionCode,    CAST(Group AS nvarchar(100)) AS Group,    CAST(SalesYTD AS money) AS SalesYTD,    CAST(SalesLastYear AS money) AS SalesLastYear,    CAST(CostYTD AS money) AS CostYTD,    CAST(CostLastYear AS money) AS CostLastYear,    CAST(rowguid AS uniqueidentifier) AS rowguid,    CONVERT(datetime, LEFT(ModifiedDate,22), 101) AS ModifiedDate",salessalesterritory,TerritoryID
[Person].[PhoneNumberType],PhoneNumberType," [PhoneNumberTypeID] NVARCHAR(50) ,   [Name] NVARCHAR(500) ,   [ModifiedDate] NVARCHAR(50)"," [PhoneNumberTypeID] int ,    [Name] Name(100) ,    [ModifiedDate] datetime "," [PhoneNumberTypeID] ,    [Name] ,    [ModifiedDate] "," CAST(PhoneNumberTypeID AS int) AS PhoneNumberTypeID,    CAST(Name AS Name(100)) AS Name,    CONVERT(datetime, LEFT(ModifiedDate,22), 101) AS ModifiedDate",personphonenumbertype,PhoneNumberTypeID
[Production].[Product],Product," [ProductID] NVARCHAR(50) ,   [Name] NVARCHAR(500) ,   [ProductNumber] NVARCHAR(500) ,   [MakeFlag] NVARCHAR(500) ,   [FinishedGoodsFlag] NVARCHAR(500) ,   [Color] NVARCHAR(500) ,   [SafetyStockLevel] NVARCHAR(500) ,   [ReorderPoint] NVARCHAR(500) ,   [StandardCost] NVARCHAR(500) ,   [ListPrice] NVARCHAR(500) ,   [Size] NVARCHAR(500) ,   [SizeUnitMeasureCode] NVARCHAR(500) ,   [WeightUnitMeasureCode] NVARCHAR(500) ,   [Weight] NVARCHAR(50) ,   [DaysToManufacture] NVARCHAR(50) ,   [ProductLine] NVARCHAR(500) ,   [Class] NVARCHAR(500) ,   [Style] NVARCHAR(500) ,   [ProductSubcategoryID] NVARCHAR(50) ,   [ProductModelID] NVARCHAR(50) ,   [SellStartDate] NVARCHAR(50) ,   [SellEndDate] NVARCHAR(50) ,   [DiscontinuedDate] NVARCHAR(50) ,   [rowguid] NVARCHAR(500) ,   [ModifiedDate] NVARCHAR(50)"," [ProductID] int ,    [Name] Name(100) ,    [ProductNumber] nvarchar(50) ,    [MakeFlag] Flag(1) ,    [FinishedGoodsFlag] Flag(1) ,    [Color] nvarchar(30) ,    [SafetyStockLevel] smallint ,    [ReorderPoint] smallint ,    [StandardCost] money ,    [ListPrice] money ,    [Size] nvarchar(10) ,    [SizeUnitMeasureCode] nchar(6) ,    [WeightUnitMeasureCode] nchar(6) ,    [Weight] decimal(12,5)  ,    [DaysToManufacture] int ,    [ProductLine] nchar(4) ,    [Class] nchar(4) ,    [Style] nchar(4) ,    [ProductSubcategoryID] int ,    [ProductModelID] int ,    [SellStartDate] datetime ,    [SellEndDate] datetime ,    [DiscontinuedDate] datetime ,    [rowguid] uniqueidentifier ,    [ModifiedDate] datetime "," [ProductID] ,    [Name] ,    [ProductNumber] ,    [MakeFlag] ,    [FinishedGoodsFlag] ,    [Color] ,    [SafetyStockLevel] ,    [ReorderPoint] ,    [StandardCost] ,    [ListPrice] ,    [Size] ,    [SizeUnitMeasureCode] ,    [WeightUnitMeasureCode] ,    [Weight] ,    [DaysToManufacture] ,    [ProductLine] ,    [Class] ,    [Style] ,    [ProductSubcategoryID] ,    [ProductModelID] ,    [SellStartDate] ,    [SellEndDate] ,    [DiscontinuedDate] ,    [rowguid] ,    [ModifiedDate] "," CAST(ProductID AS int) AS ProductID,    CAST(Name AS Name(100)) AS Name,    CAST(ProductNumber AS nvarchar(50)) AS ProductNumber,    CAST(MakeFlag AS Flag(1)) AS MakeFlag,    CAST(FinishedGoodsFlag AS Flag(1)) AS FinishedGoodsFlag,    CAST(Color AS nvarchar(30)) AS Color,    CAST(SafetyStockLevel AS smallint) AS SafetyStockLevel,    CAST(ReorderPoint AS smallint) AS ReorderPoint,    CAST(StandardCost AS money) AS StandardCost,    CAST(ListPrice AS money) AS ListPrice,    CAST(Size AS nvarchar(10)) AS Size,    CAST(SizeUnitMeasureCode AS nchar(6)) AS SizeUnitMeasureCode,    CAST(WeightUnitMeasureCode AS nchar(6)) AS WeightUnitMeasureCode,    CAST(Weight AS decimal(12,5)) AS Weight,    CAST(DaysToManufacture AS int) AS DaysToManufacture,    CAST(ProductLine AS nchar(4)) AS ProductLine,    CAST(Class AS nchar(4)) AS Class,    CAST(Style AS nchar(4)) AS Style,    CAST(ProductSubcategoryID AS int) AS ProductSubcategoryID,    CAST(ProductModelID AS int) AS ProductModelID,    CONVERT(datetime, LEFT(SellStartDate,22), 101) AS SellStartDate,    CONVERT(datetime, LEFT(SellEndDate,22), 101) AS SellEndDate,    CONVERT(datetime, LEFT(DiscontinuedDate,22), 101) AS DiscontinuedDate,    CAST(rowguid AS uniqueidentifier) AS rowguid,    CONVERT(datetime, LEFT(ModifiedDate,22), 101) AS ModifiedDate",productionproduct,ProductID
[Sales].[SalesTerritoryHistory],SalesTerritoryHistory," [BusinessEntityID] NVARCHAR(50) ,   [TerritoryID] NVARCHAR(50) ,   [StartDate] NVARCHAR(50) ,   [EndDate] NVARCHAR(50) ,   [rowguid] NVARCHAR(500) ,   [ModifiedDate] NVARCHAR(50)"," [BusinessEntityID] int ,    [TerritoryID] int ,    [StartDate] datetime ,    [EndDate] datetime ,    [rowguid] uniqueidentifier ,    [ModifiedDate] datetime "," [BusinessEntityID] ,    [TerritoryID] ,    [StartDate] ,    [EndDate] ,    [rowguid] ,    [ModifiedDate] "," CAST(BusinessEntityID AS int) AS BusinessEntityID,    CAST(TerritoryID AS int) AS TerritoryID,    CONVERT(datetime, LEFT(StartDate,22), 101) AS StartDate,    CONVERT(datetime, LEFT(EndDate,22), 101) AS EndDate,    CAST(rowguid AS uniqueidentifier) AS rowguid,    CONVERT(datetime, LEFT(ModifiedDate,22), 101) AS ModifiedDate",salessalesterritoryhistory,"BusinessEntityID,TerritoryID,StartDate"
